[
  {
    "Commission__c": "55.5",
    "LastModifiedDate": "2015-10-14T20:08:27.000Z",
    "CMS__c": null,
    "AccountId": "001F000001WbYXaIAN",
    "HasOpportunityLineItem": "false",
    "Gross_Profit__c": "370.0",
    "Customer_Email__c": null,
    "ForecastCategory": "Pipeline",
    "TCC_Store_Rep_Email__c": null,
    "type": "Opportunity",
    "Customer_Name__c": "John Smith",
    "CloseDate": "2015-10-31",
    "Name": "Goshen Caragana Ct. - Upgrade (Edge) - NEW OPPORTUNITY CUSTOMER - 2015-10-06",
    "Customer_Phone__c": "(519) 869-4325",
    "Customer_Preferred_Method_of_Contact__c": "Phone",
    "Closed_Won_GP__c": "0.0",
    "CreatedById": "005F0000005KBqlIAG",
    "Store__c": "a0mF0000009ZA5MIAW",
    "storeRegion__c": null,
    "Invoice_Commission__c": "0.0",
    "storeDistrict__c": null,
    "Closed_Won_Verified__c": "false",
    "No_Activity__c": "false",
    "storeNumberName__c": null,
    "contactWorkPhone__c": null,
    "FiscalQuarter": "4",
    "IsDeleted": "false",
    "vicePresidentName__c": null,
    "Regional_Manager_Email__c": null,
    "Store_Rep__c": null,
    "LastViewedDate": null,
    "TCC_Store_Rep_Contact__c": "003F000001xY3dFIAS",
    "Sales_Market_Manager_Email__c": "MMcClure@mooreheadcomm.com",
    "Iconic_Device_Interest__c": null,
    "Vice_President_Email__c": null,
    "Fiscal": "2015 4",
    "LeadSource": null,
    "Comments__c": "asdfasdf",
    "CreatedDate": "2015-10-06T20:45:22.000Z",
    "TCC_Store_Rep__c": "005F00000053NWGIA2",
    "Pricebook2Id": null,
    "Id": "006F000000dmcrfIAA",
    "ForecastCategoryName": "Pipeline",
    "Minimum_Opportunity_Activity__c": "2.0",
    "contactEmail__c": null,
    "NextStep": null,
    "Internal_Comments__c": null,
    "Description": null,
    "FiscalYear": "2015",
    "Opportunity_Activity_Count__c": "1.0",
    "LastReferencedDate": null,
    "Contract_Type__c": null,
    "IsClosed": "false",
    "PartnerAccountId": null,
    "RQ4_Invoice_Number__c": null,
    "Quantity__c": "2.0",
    "contactLatestAssetPhone__c": null,
    "Closed_Reason__c": null,
    "Opp_Creation_to_Sale__c": null,
    "Regional_Manager_Name__c": null,
    "CMS_Lag_Time__c": "-1.0",
    "TotalOpportunityQuantity": null,
    "Invoice_Date_Time__c": null,
    "ExpectedRevenue": null,
    "OwnerId": "005F0000005KBqlIAG",
    "CampaignId": null,
    "IsWon": "false",
    "RecordTypeId": "012F0000001MHBhIAO",
    "SyncedQuoteId": null,
    "Interest_Level__c": "Medium",
    "Rating__c": null,
    "Source__c": "Store Generated",
    "contactHomePhone__c": null,
    "contactName__c": null,
    "Invoice_Reconciliation_Date__c": null,
    "StageName": "Open",
    "contactMobilePhone__c": null,
    "Amount": null,
    "Invoice_Account_Type__c": null,
    "Probability": "50.0",
    "Invoice_Gross_Profit__c": null,
    "ContractId": null,
    "Opportunity_Activity_Percentage__c": "50.0",
    "Upgrade_Date__c": null,
    "SystemModstamp": "2015-12-01T18:05:47.000Z",
    "CMS_Contact_Center_Rep__c": null,
    "Type": "Upgrade (Edge)",
    "contactType__c": null,
    "LastActivityDate": null,
    "IsPrivate": "false",
    "LastModifiedById": "005F0000005542qIAA"
  },
  {
    "Commission__c": "43.5",
    "LastModifiedDate": "2015-12-02T16:14:46.000Z",
    "CMS__c": null,
    "AccountId": "001F000001WbYXaIAN",
    "HasOpportunityLineItem": "false",
    "Gross_Profit__c": "290.0",
    "Customer_Email__c": null,
    "ForecastCategory": "Pipeline",
    "TCC_Store_Rep_Email__c": null,
    "type": "Opportunity",
    "Customer_Name__c": "John Smith",
    "CloseDate": "2015-12-31",
    "Name": "Goshen Caragana Ct. - Tablet - NEW OPPORTUNITY CUSTOMER - 2015-12-02",
    "Customer_Phone__c": null,
    "Customer_Preferred_Method_of_Contact__c": null,
    "Closed_Won_GP__c": "0.0",
    "CreatedById": "005F0000005KBqlIAG",
    "Store__c": "a0mF0000009ZA5MIAW",
    "storeRegion__c": null,
    "Invoice_Commission__c": "35.22",
    "storeDistrict__c": null,
    "Closed_Won_Verified__c": "false",
    "No_Activity__c": "false",
    "storeNumberName__c": null,
    "contactWorkPhone__c": null,
    "FiscalQuarter": "4",
    "IsDeleted": "false",
    "vicePresidentName__c": null,
    "Regional_Manager_Email__c": null,
    "Store_Rep__c": null,
    "LastViewedDate": null,
    "TCC_Store_Rep_Contact__c": null,
    "Sales_Market_Manager_Email__c": "mmcclure=mooreheadcomm.com@example.com",
    "Iconic_Device_Interest__c": null,
    "Vice_President_Email__c": null,
    "Fiscal": "2015 4",
    "LeadSource": null,
    "Comments__c": null,
    "CreatedDate": "2015-12-02T16:06:21.000Z",
    "TCC_Store_Rep__c": null,
    "Pricebook2Id": null,
    "Id": "00618000002vOsSAAU",
    "ForecastCategoryName": "Pipeline",
    "Minimum_Opportunity_Activity__c": "2.0",
    "contactEmail__c": null,
    "NextStep": null,
    "Internal_Comments__c": null,
    "Description": null,
    "FiscalYear": "2015",
    "Opportunity_Activity_Count__c": "0.0",
    "LastReferencedDate": null,
    "Contract_Type__c": null,
    "IsClosed": "false",
    "PartnerAccountId": null,
    "RQ4_Invoice_Number__c": null,
    "Quantity__c": "2.0",
    "contactLatestAssetPhone__c": null,
    "Closed_Reason__c": null,
    "Opp_Creation_to_Sale__c": "20.94",
    "Regional_Manager_Name__c": null,
    "CMS_Lag_Time__c": "-1.0",
    "TotalOpportunityQuantity": null,
    "Invoice_Date_Time__c": "2015-12-23T14:44:00.000Z",
    "ExpectedRevenue": null,
    "OwnerId": "005F0000005KBqlIAG",
    "CampaignId": null,
    "IsWon": "false",
    "RecordTypeId": "012F0000001MHBhIAO",
    "SyncedQuoteId": null,
    "Interest_Level__c": "Medium",
    "Rating__c": null,
    "Source__c": "Store Generated",
    "contactHomePhone__c": null,
    "contactName__c": null,
    "Invoice_Reconciliation_Date__c": "2015-12-05",
    "StageName": "Open",
    "contactMobilePhone__c": null,
    "Amount": null,
    "Invoice_Account_Type__c": null,
    "Probability": "50.0",
    "Invoice_Gross_Profit__c": "234.78",
    "ContractId": null,
    "Opportunity_Activity_Percentage__c": "0.0",
    "Upgrade_Date__c": null,
    "SystemModstamp": "2015-12-02T16:14:46.000Z",
    "CMS_Contact_Center_Rep__c": null,
    "Type": "Tablet",
    "contactType__c": null,
    "LastActivityDate": null,
    "IsPrivate": "false",
    "LastModifiedById": "005F0000005KBqlIAG"
  }
]